status,project_count,total_mw
Active,327,89185.16097564307
Completed,235,32356.515993526937
Withdrawn,1716,357548.28837435885
