status,project_count,total_mw
Active,300,82137.31888164306
Completed,241,32933.989993526935
Withdrawn,1737,362751.98567435885
