status,project_count,total_mw
Active,310,84049.49368964307
Completed,238,32689.289993526934
Withdrawn,1730,361122.40567435883
