status,project_count,total_mw
Active,287,79312.22688164307
Completed,247,33473.68999352693
Withdrawn,1744,365037.37767435884
