status,project_count,total_mw
Active,371,100507.47890764306
Completed,237,32861.37599352693
Withdrawn,1685,348723.4508423588
