status,project_count,total_mw
Active,319,86579.20637564307
Completed,236,32438.515993526937
Withdrawn,1723,359211.0463743588
