status,project_count,total_mw
Active,306,83539.41368964307
Completed,240,32864.28999352694
Withdrawn,1732,361425.10567435884
