status,project_count,total_mw
Active,315,85859.00237564306
Completed,238,32689.289993526934
Withdrawn,1725,359548.4763743588
