status,project_count,total_mw
Active,323,88242.16437564307
Completed,236,32438.515993526937
Withdrawn,1719,358270.8783743588
