status,project_count,total_mw
Active,327,89380.16097564307
Completed,235,32209.515993526937
Withdrawn,1716,357548.28837435885
