status,project_count,total_mw
Active,325,88380.60437564307
Completed,235,32338.515993526937
Withdrawn,1718,358168.83837435883
