status,project_count,total_mw
Active,326,88778.16097564307
Completed,235,32356.515993526937
Withdrawn,1717,357955.28837435885
