status,project_count,total_mw
Active,325,88564.61097564307
Completed,235,32356.515993526937
Withdrawn,1718,358168.83837435883
