status,project_count,total_mw
Active,281,77902.23688164307
Completed,248,33548.68999352693
Withdrawn,1749,366372.36767435883
