status,project_count,total_mw
Active,302,82450.83368964307
Completed,241,32933.989993526935
Withdrawn,1735,362443.98567435885
