status,project_count,total_mw
Active,370,100274.0789076431
Completed,235,32721.375993526937
Withdrawn,1680,346642.98084235855
