status,project_count,total_mw
Active,316,86122.43237564307
Completed,238,32689.289993526934
Withdrawn,1724,359417.0463743588
