status,project_count,total_mw
Active,320,86742.77437564307
Completed,236,32438.515993526937
Withdrawn,1722,359047.77837435884
