status,project_count,total_mw
Active,371,100507.47890764308
Completed,235,32721.375993526937
Withdrawn,1684,348471.4508423585
