status,project_count,total_mw
Active,375,100832.80390764307
Completed,238,32894.07599352694
Withdrawn,1692,350666.2420623588
