status,project_count,total_mw
Active,322,87566.28437564307
Completed,236,32438.515993526937
Withdrawn,1720,358945.8783743588
