status,project_count,total_mw
Active,376,101029.34390764307
Completed,241,33037.82599352694
Withdrawn,1701,353667.1489623588
