status,project_count,total_mw
Active,375,100816.40390764306
Completed,240,32924.32599352694
Withdrawn,1700,353425.6489623588
