status,project_count,total_mw
Active,336,90943.72538764306
Completed,235,32209.255993526935
Withdrawn,1707,355262.3939623588
