status,project_count,total_mw
Active,370,100281.07890764308
Completed,233,31953.375993526937
Withdrawn,1678,346462.0808423585
