status,project_count,total_mw
Active,331,90458.16438764306
Completed,235,32209.255993526935
Withdrawn,1712,356470.2849623588
