status,project_count,total_mw
Active,337,91195.72538764306
Completed,235,32209.255993526935
Withdrawn,1706,355010.3939623588
