status,project_count,total_mw
Active,317,86322.43237564307
Completed,237,32489.289993526934
Withdrawn,1724,359417.0463743588
