status,project_count,total_mw
Active,304,82720.53368964307
Completed,240,32864.28999352694
Withdrawn,1734,362243.98567435885
