status,project_count,total_mw
Active,371,100507.47890764306
Completed,238,32894.07599352694
Withdrawn,1690,350271.4920623588
