status,project_count,total_mw
Active,371,101471.07890764307
Completed,232,31753.375993526937
Withdrawn,1677,346387.0808423585
