status,project_count,total_mw
Active,335,91601.05538764306
Completed,235,32209.255993526935
Withdrawn,1708,355327.3939623588
