status,project_count,total_mw
Active,371,101471.07890764308
Completed,232,31753.375993526937
Withdrawn,1676,345197.0808423585
