status,project_count,total_mw
Active,337,91195.72538764309
Completed,235,32209.255993526942
Withdrawn,1706,355010.39396235853
