status,project_count,total_mw
Active,370,100274.07890764308
Completed,234,32303.375993526937
Withdrawn,1679,346541.0808423585
