status,project_count,total_mw
Active,333,90921.96438764306
Completed,235,32209.255993526935
Withdrawn,1710,356006.48496235884
