status,project_count,total_mw
Active,303,82680.53368964307
Completed,241,32904.28999352694
Withdrawn,1734,362243.98567435885
