status,project_count,total_mw
Active,376,101014.78850764307
Completed,242,33137.82599352694
Withdrawn,1705,354599.6339623588
