status,project_count,total_mw
Active,328,89533.16097564307
Completed,234,32056.515993526937
Withdrawn,1716,357548.28837435885
