iso_zone,total_mw
Northern,17833.7753
Eastern,14764.960112
SDGE,10618.67762
Fresno,8204.629396643066
EOP,8141.5983
