iso_zone,total_mw
Northern,20796.847699999995
Eastern,17867.576112000002
SDGE,11484.167519999999
EOP,8141.5983
Fresno,8121.939396643066
