iso_zone,total_mw
Northern,17542.9636
Eastern,14038.150112
SDGE,9836.69892
EOP,7979.6443
Fresno,7768.898796643067
