iso_zone,total_mw
Northern,21096.447699999997
Eastern,17867.576112000002
SDGE,11917.967519999997
EOP,8141.5983
Fresno,8121.939396643066
