iso_zone,total_mw
Northern,21096.4477
Eastern,17799.171112
SDGE,12148.16752
Fresno,8225.029396643067
EOP,8141.5983
