iso_zone,total_mw
Northern,18555.3853
Eastern,14764.960112
SDGE,10670.07762
Fresno,8204.629396643066
EOP,8141.5983
