iso_zone,total_mw
Northern,16621.3731
Eastern,13607.958112
Fresno,7768.898796643067
EOP,7756.3143
SDGE,7441.29892
