iso_zone,total_mw
Northern,19231.2653
Eastern,14764.960112
SDGE,10670.07762
Fresno,8204.629396643066
EOP,8141.5983
