iso_zone,total_mw
Northern,17433.3731
Eastern,14038.150112
SDGE,9379.61892
EOP,7979.6443
Fresno,7768.898796643067
