iso_zone,total_mw
Northern,19432.9353
Eastern,15892.411112
SDGE,11179.11762
Fresno,8212.229396643066
EOP,8141.5983
