iso_zone,total_mw
Northern,17627.7753
Eastern,14764.960112
SDGE,10336.37762
EOP,8141.5983
Fresno,8133.639396643067
