iso_zone,total_mw
Northern,21081.8923
Eastern,17799.171112
SDGE,12086.66752
Fresno,8225.029396643067
EOP,8141.5983
