iso_zone,total_mw
Northern,19432.935299999997
Eastern,15892.411112
SDGE,11179.117619999999
Fresno,8212.229396643066
EOP,8141.5983
