iso_zone,total_mw
Northern,21096.4477
Eastern,17867.576112
SDGE,11917.96752
EOP,8141.5983
Fresno,8121.939396643066
