iso_zone,total_mw
Northern,16696.3731
Eastern,13607.958112
SDGE,8067.21892
EOP,7979.6443
Fresno,7768.898796643067
