iso_zone,total_mw
Northern,19531.2653
Eastern,14701.360112
SDGE,11179.11762
Fresno,8212.229396643066
EOP,8141.5983
