iso_zone,total_mw
Northern,17331.3731
Eastern,14038.150112
SDGE,9071.61892
EOP,7979.6443
Fresno,7768.898796643067
